Metric,Value
Test Accuracy,0.9910714285714286
Test Loss,0.06427472822626233
